indicador,ano,valor,unidade,fonte_id
artigos_scopus,2021,82440,artigos,S01
artigos_scopus,2024,73220,artigos,S01
taxa_inovacao_industrial,2021,70.5,percentual,S02
taxa_inovacao_industrial,2023,64.6,percentual,S02
taxa_inovacao_industrial,2024,64.4,percentual,S02
pedidos_patentes_residentes,2023,7435,pedidos,S03
pedidos_patentes_residentes,2024,8301,pedidos,S03
pedidos_patentes_total,2023,27918,pedidos,S03
pedidos_patentes_total,2024,27701,pedidos,S03
ranking_gii,2024,50,posicao,S04
ranking_gii,2025,52,posicao,S05
ranking_gii,2026,53,posicao,S06
ipca_anual,2022,5.79,percentual,S14
ipca_anual,2023,4.62,percentual,S14
ipca_anual,2024,4.83,percentual,S14
universal_anunciado,2021,250000000,BRL_nominal,S17
universal_anunciado,2024,450000000,BRL_nominal,S16
